{"note":"Daily-mean observed PM2.5 (ug/m3) per cell, baked from docs/metro-aqi-exhibition-main/raw/hourly/gridded.csv","nLat":34,"nLon":35,"latMin":12.8235,"latMax":13.153499999999992,"lonMin":77.4499,"lonMax":77.78990000000017,"values":[15.13,15.13,15.13,15.13,15.13,15.13,15.13,15.13,12.84,12.84,12.84,12.84,12.84,12.84,39.47,39.47,39.47,39.47,39.47,39.47,39.47,39.47,39.47,39.47,39.47,39.47,39.47,15.74,15.74,15.74,15.74,15.74,15.74,15.74,15.74,15.13,15.13,15.13,15.13,15.13,15.13,15.13,15.13,12.84,12.84,12.84,12.84,12.84,12.84,12.84,39.47,39.47,39.47,39.47,39.47,39.47,39.47,39.47,39.47,39.47,39.47,15.74,15.74,15.74,15.74,15.74,15.74,15.74,15.74,15.74,15.13,15.13,15.13,15.13,15.13,15.13,15.13,15.13,12.84,12.84,12.84,12.84,12.84,12.84,12.84,39.47,39.47,39.47,39.47,39.47,39.47,39.47,39.47,39.47,39.47,15.74,15.74,15.74,15.74,15.74,15.74,15.74,15.74,15.74,15.74,15.13,15.13,15.13,15.13,15.13,15.13,15.13,15.13,12.84,12.84,12.84,12.84,12.84,12.84,12.84,39.47,39.47,39.47,39.47,39.47,39.47,39.47,39.47,39.47,15.74,15.74,15.74,15.74,15.74,15.74,15.74,15.74,15.74,15.74,19.22,15.13,15.13,15.13,15.13,15.13,15.13,15.13,15.82,12.84,12.84,12.84,12.84,12.84,12.84,12.84,39.47,39.47,39.47,39.47,39.47,39.47,39.47,39.47,39.47,15.74,15.74,15.74,15.74,15.74,15.74,15.74,15.74,15.74,19.22,19.22,15.13,15.13,15.13,15.13,15.13,15.82,15.82,15.82,12.84,12.84,12.84,12.84,12.84,12.84,12.84,12.84,39.47,39.47,38.58,39.47,39.47,39.47,39.47,15.74,15.74,15.74,15.74,15.74,15.74,15.74,15.74,15.74,19.22,19.22,19.22,15.13,15.13,15.13,14.88,14.63,14.66,15.52,16.37,17.23,18.09,18.95,19.8,20.66,21.52,22.38,24.17,28.54,32.91,38.7,36.2,39.47,39.47,15.74,15.74,15.74,15.74,15.74,15.74,15.74,15.74,15.74,19.22,19.22,19.22,19.22,15.13,15.13,15.41,15.39,15.14,14.89,14.64,14.38,14.13,13.88,14.23,14.81,13.97,15.09,19.46,23.82,28.19,33.9,39.58,35.4,31.23,27.05,15.74,15.74,15.74,15.74,15.74,15.74,15.74,15.74,15.74,19.22,19.22,19.22,19.22,15.13,15.82,15.82,17.38,18.66,19.24,19.83,20.41,20.99,21.58,19.6,16.22,15.49,18.35,19.11,23.47,29.09,35.89,38.78,34.6,30.43,26.25,22.07,15.74,15.74,15.74,15.74,15.74,15.74,15.74,19.22,19.22,19.22,19.22,19.22,15.82,15.82,15.82,15.9,24.14,27.17,27.76,28.34,25.23,21.85,18.48,15.1,19.32,24.87,17.59,24.29,31.09,37.89,37.98,33.8,29.63,25.45,21.58,17.71,15.74,15.74,15.74,15.74,15.74,19.22,19.22,19.22,19.22,19.22,19.22,15.82,15.82,15.82,15.85,22.06,30.9,30.86,27.48,24.11,20.73,17.35,17.59,23.14,28.7,26.5,28.2,34.72,38.04,36.77,34.68,31.48,27.61,23.74,19.87,17.39,20.1,20.1,20.1,19.22,19.22,19.22,19.22,19.22,19.22,19.22,15.82,15.82,15.82,33.61,19.98,28.82,29.54,26.36,22.98,19.6,16.23,21.41,25.6,27.24,27.55,31.28,32.95,34.62,32.88,30.79,28.71,26.62,24.54,22.02,19.24,18.21,20.1,20.1,19.22,19.22,19.22,19.22,19.22,19.22,19.22,15.82,15.82,33.61,33.61,17.9,26.74,28.1,24.96,21.83,18.48,19.68,22,23.64,25.43,26.8,27.86,29.53,31.07,28.99,26.9,24.82,22.74,20.65,19.58,19.72,19.83,19.02,17.98,19.22,19.22,19.22,19.22,19.22,19.22,19.22,15.82,33.61,33.61,33.61,16.3,24.66,26.66,23.53,20.39,17.35,18.72,20.52,22.32,24.12,24.53,24.43,26.11,27.18,25.1,23.02,20.93,18.85,18.86,19.02,19.16,19.27,19.38,19.49,18.79,19.22,19.22,19.22,19.22,19.22,19.22,33.61,33.61,33.61,33.61,16.25,22.58,25.23,22.09,18.95,17.04,17.73,19.21,21.01,22.78,22.27,21.76,22.69,23.3,21.21,19.13,17.99,18.15,18.3,18.46,18.6,18.71,18.82,18.93,19.04,19.14,19.22,19.22,19.22,19.22,19.22,33.61,33.61,33.61,33.61,33.61,20.5,23.79,20.65,17.52,16.72,17.1,18.32,19.7,20.52,20,19.49,19.27,19.41,17.32,17.27,17.43,17.59,17.75,17.9,18.04,18.15,18.26,18.37,17.63,19.22,19.22,19.22,19.22,19.22,19.22,17.03,17.03,17.03,17.03,17.03,18.42,22.35,19.21,17.01,16.41,16.47,17.69,18.94,27.35,23.47,19.59,16.72,16.39,16.55,16.71,16.87,17.03,17.19,17.34,17.48,17.59,16.92,16.13,15.34,19.22,19.22,19.22,19.22,19.22,19.22,17.03,17.03,17.03,17.03,17.03,16.7,20.91,17.78,16.69,16.09,15.83,17.14,17.91,26.27,29.98,23.89,17.81,15.73,15.91,16.08,16.25,16.42,16.58,16.75,16.49,15.42,14.63,13.84,13.05,9.98,9.98,9.98,9.98,9.98,19.22,17.03,17.03,17.03,17.03,17.03,17.03,19.48,16.98,16.38,15.79,15.33,16.43,18.27,20.09,28.63,22.55,16.76,14.99,15.24,15.41,15.58,15.75,16.04,16.79,16.36,14.91,13.45,12,10.76,9.98,9.98,9.98,9.98,9.98,9.98,17.03,17.03,17.03,17.03,17.03,17.03,18.04,16.66,16.13,15.6,15.45,16.85,18.68,20.5,27.28,21.2,15.74,14.25,14.52,14.74,14.91,15.46,16.19,17.08,16.23,14.78,13.32,11.87,9.98,9.98,9.98,9.98,9.98,9.98,9.98,17.03,17.03,17.03,17.03,17.03,17.03,16.95,16.89,16.91,16.93,16.53,15.97,18.58,20.9,25.93,20.1,14.71,13.52,13.78,14.2,14.88,15.59,16.48,17.36,16.1,14.65,13.19,16.89,9.98,9.98,9.98,9.98,9.98,9.98,9.98,17.03,17.03,17.03,17.03,17.03,17.03,17.03,17.76,18.36,18.15,17.59,17.03,17.03,19.91,22.77,19.08,13.69,12.78,13.46,14.2,14.98,15.88,16.76,17.4,15.97,14.52,18.8,9.98,9.98,9.98,9.98,9.98,9.98,9.98,9.98,17.03,17.03,17.03,17.03,17.03,17.03,17.03,18.66,18.38,18.91,18.37,17.82,17.25,18.07,16.97,14.17,13.29,12.84,13.46,14.22,15.2,16.16,17.05,17.3,15.84,20.7,15.36,9.98,9.98,9.98,9.98,9.98,9.98,9.98,9.98,17.03,17.03,17.03,17.03,17.03,17.03,17.03,18.66,18.66,19,19.04,18.49,17.94,17.45,17.29,16.64,15.82,15.14,15.02,15.13,15.41,16.39,17.33,17.17,22.6,31.1,15.36,15.36,9.98,9.98,9.98,9.98,9.98,9.98,9.98,17.03,17.03,17.03,17.03,17.03,17.03,18.66,18.66,18.66,18.66,19.62,19.17,18.62,18.2,18.04,17.89,17.73,17.46,17.52,17.63,17.75,18,18.32,24.5,33,19.37,19.37,15.36,15.36,9.98,9.98,9.98,9.98,9.98,9.98,17.03,17.03,17.03,17.03,17.03,17.03,18.66,18.66,18.66,18.66,19.62,19.84,19.29,18.94,18.79,18.64,19.66,23.11,26.56,27.21,27.53,27.85,28.17,34.9,43.39,19.37,19.37,19.37,15.36,15.36,9.98,9.98,9.98,9.98,9.98,17.03,17.03,17.03,17.03,17.03,18.66,18.66,18.66,20.89,20.89,20.89,20.24,19.97,19.69,19.54,22.43,25.88,29.33,32.77,36.22,37.38,37.7,38.01,45.3,19.37,19.37,19.37,19.37,19.37,19.37,9.98,9.98,9.98,9.98,9.98,17.03,17.03,17.03,17.03,17.03,18.66,20.89,20.89,20.89,20.89,20.89,20.89,20.64,21.76,25.2,28.65,32.1,35.54,38.99,42.43,45.88,47.54,47.86,61.1,61.1,61.1,61.1,61.1,61.1,61.1,61.1,61.1,9.98,9.98,9.98,17.03,17.03,17.03,17.03,20.89,20.89,20.89,20.89,20.89,20.89,20.89,20.89,20.89,20.89,20.89,20.89,20.89,17.64,61.1,48.65,52.1,55.54,57.71,61.1,61.1,61.1,61.1,61.1,61.1,61.1,61.1,61.1,61.1,9.98,9.98,17.03,17.03,17.03,20.89,20.89,20.89,20.89,20.89,20.89,20.89,20.89,20.89,20.89,20.89,20.89,20.89,20.89,17.64,61.1,61.1,61.1,61.1,61.1,61.1,61.1,61.1,61.1,61.1,61.1,61.1,61.1,61.1,61.1,61.1,61.1,17.03,17.03,20.89,20.89,20.89,20.89,20.89,20.89,20.89,20.89,20.89,20.89,20.89,20.89,20.89,20.89,20.89,61.1,61.1,61.1,61.1,61.1,61.1,61.1,61.1,61.1,61.1,61.1,61.1,61.1,61.1,61.1,61.1,61.1,61.1,17.03,20.89,20.89,20.89,20.89,20.89,20.89,20.89,20.89,20.89,20.89,20.89,20.89,20.89,20.89,20.89,20.89,61.1,61.1,61.1,61.1,61.1,61.1,61.1,61.1,61.1,61.1,61.1,61.1,61.1,61.1,61.1,61.1,61.1,61.1,20.89,20.89,20.89,20.89,20.89,20.89,20.89,20.89,20.89,20.89,20.89,20.89,20.89,20.89,20.89,20.89,20.89,61.1,61.1,61.1,61.1,61.1,61.1,61.1,61.1,61.1,61.1,61.1,61.1,61.1,61.1,61.1,61.1,61.1,61.1,20.89,20.89,20.89,20.89,20.89,20.89,20.89,20.89,20.89,20.89,20.89,20.89,20.89,20.89,20.89,20.89,20.89,61.1,61.1,61.1,61.1,61.1,61.1,61.1,61.1,61.1,61.1,61.1,61.1,61.1,61.1,61.1,61.1,61.1,61.1]}